{
  "$schema": "https://openapi.vercel.sh/vercel.json",
  "regions": ["syd1"],
  "functions": {
    "src/app/api/news/route.ts": {
      "maxDuration": 15
    }
  },
  "headers": [
    {
      "source": "/api/(.*)",
      "headers": [
        {
          "key": "X-RateLimit-Limit",
          "value": "60"
        },
        {
          "key": "X-RateLimit-Window",
          "value": "1m"
        }
      ]
    }
  ],
  "env": {
    "NEXT_PUBLIC_SENTRY_ENVIRONMENT": "production",
    "SENTRY_AUTH_TOKEN": "dummy-token-for-build"
  },
  "buildCommand": "next build",
  "installCommand": "npm install",
  "outputDirectory": ".next",
  "framework": "nextjs",
  "devCommand": "next dev"
} 